model,scenario,region,variable,unit,2005,2010,2015,2020,2025,2030,2035,2040,2045,2050,2055,2060,2070,2080,2090,2100,2110,2130,2150
REMIND,SSP1-NPi2025,World,Emi|BC,Mt BC/yr,10.5164503,9.6947041,8.5819916,7.017732,6.7085082,6.2366798,5.1893375,4.5076262,4.0381546,3.6653442,3.5391847,3.4106543,3.1442107,3.0624581,3.0163311,2.9919297,2.934809,2.8026541,2.6447682
REMIND,SSP1-NPi2025,World,Emi|C2F6,kt C2F6/yr,1.668243,1.118511,0.849412,0.78152,0.613023,1.460206,1.10792,0.846997,0.639119,0.479899,0.36954,0.293417,0.190968,0.130345,0.079086,0.066535,0.066535,0.066535,0.066535
REMIND,SSP1-NPi2025,World,Emi|C6F14,kt C6F14/yr,0.0,0.0,0.0,0.0,0.0,0.0,0.0,0.0,0.0,0.0,0.0,0.0,0.0,0.0,0.0,0.0,0.0,0.0,0.0
REMIND,SSP1-NPi2025,World,Emi|CF4,kt CF4/yr,5.703877,4.211536,4.792758,6.13855,7.102055,6.280902,5.066818,4.238643,3.349089,2.63672,2.23485,2.026285,1.691358,1.425489,1.175069,0.98855,0.98855,0.98855,0.98855
REMIND,SSP1-NPi2025,World,Emi|CH4,Mt CH4/yr,305.3665482,328.0501129,357.6860145,370.7116705,378.502128,327.7523135,292.1382377,268.3187105,247.7990125,227.3025358,209.1889862,189.8793576,160.7095524,150.3097542,140.3744338,126.8624721,122.999821,117.9293809,111.7812274
REMIND,SSP1-NPi2025,World,Emi|CO,Mt CO/yr,847.6194726,825.5736457,813.907099,740.534982,720.7924267,697.0203818,623.3225356,574.6744586,538.8036425,513.9634483,507.7041741,505.6202956,499.939069,493.2730319,486.9123299,483.32772,473.9796698,457.1659996,434.3933858
REMIND,SSP1-NPi2025,World,Emi|CO2,Mt CO2/yr,35467.3010894,38537.7256575,41027.6904916,43541.368539,43338.1607712,39517.4571608,35473.5297948,30565.7504898,28486.5974905,23750.0486776,21939.77616,20585.3584283,18362.2861946,16126.3065292,14499.7382381,12157.194739,11428.3758146,9411.7025634,6316.8041254
REMIND,SSP1-NPi2025,World,Emi|CO2|+|Land-Use Change,Mt CO2/yr,4396.3854,4384.57536,3630.09625,4783.5244233,2836.4721,1053.59936,1112.12882,204.22908,1792.0012367,-673.4179833,-961.1575967,-848.804,-1461.537,-1662.49138,-1487.2431567,-1666.87191,-1354.9139267,-838.4662733,-1250.8813167
REMIND,SSP1-NPi2025,World,Emi|HFC|HFC125,kt HFC125/yr,18.863544,33.943374,57.788611,80.792671,104.21732,25.409699,8.087714,9.521115,10.96815,6.759843,6.866538,7.450155,8.472534,8.928476,9.157736,9.048389,9.048389,9.048389,9.048389
REMIND,SSP1-NPi2025,World,Emi|HFC|HFC134a,kt HFC134a/yr,136.433955,175.351311,216.966399,278.810849,330.540619,180.440931,57.796154,67.787527,77.849239,48.358111,49.036478,53.108753,60.214267,63.352468,64.896192,64.064424,64.064424,64.064424,64.064424
REMIND,SSP1-NPi2025,World,Emi|HFC|HFC143a,kt HFC143a/yr,11.983174,20.581124,26.732735,34.545424,41.527575,23.712179,7.54741,8.885051,10.235414,6.308246,6.407816,6.952441,7.906519,8.332002,8.545947,8.443905,8.443905,8.443905,8.443905
REMIND,SSP1-NPi2025,World,Emi|HFC|HFC227ea,kt HFC227ea/yr,2.244131,3.466259,5.030608,7.558349,9.604392,0.419841,0.229795,0.264316,0.294518,0.324714,0.342186,0.359659,0.364104,0.35855,0.346287,0.330886,0.330886,0.330886,0.330886
REMIND,SSP1-NPi2025,World,Emi|HFC|HFC23,kt HFC23/yr,13.403646,10.909845,8.907428,9.534994,8.847568,0.594811,0.475849,0.380677,0.304542,0.243636,0.188672,0.138463,0.07265,0.036276,0.0,0.0,0.0,0.0,0.0
REMIND,SSP1-NPi2025,World,Emi|HFC|HFC245fa,kt HFC245fa/yr,2.17106,7.939233,10.915038,14.010346,17.045904,1.275086,0.41088,0.345173,0.242694,0.122295,0.0,0.0,0.0,0.0,0.0,0.0,0.0,0.0,0.0
REMIND,SSP1-NPi2025,World,Emi|HFC|HFC32,kt HFC32/yr,3.687053,14.468933,31.324191,52.815716,71.989108,37.629007,11.258455,13.352872,16.116349,10.408965,10.555508,11.407357,12.848449,13.410317,13.596679,13.328543,13.328543,13.328543,13.328543
REMIND,SSP1-NPi2025,World,Emi|HFC|HFC43-10,kt HFC43-10/yr,0.01255,0.013038,0.01838,0.019321,0.022463,0.061844,0.029379,0.029988,0.030498,0.030999,0.03145,0.031897,0.032608,0.033045,0.033176,0.03302,0.03302,0.03302,0.03302
REMIND,SSP1-NPi2025,World,Emi|N2O,kt N2O/yr,8284.3158444,8963.0247123,9491.1246247,9564.6248708,10140.7913,9226.7411888,8445.8266837,7714.0909177,7007.435724,6344.1607639,5905.0828543,5439.3739049,4597.0315979,4236.3707172,3885.9501291,3468.236711,3359.2252245,3231.6094921,3020.5679336
REMIND,SSP1-NPi2025,World,Emi|NH3,Mt NH3/yr,10.2791386,11.1431215,11.5519468,11.90001,12.7192406,13.5654353,13.7600764,13.9714565,14.4489252,15.0590844,16.0120941,17.0504363,18.868955,20.1647685,20.8604679,21.2973647,20.5008211,19.1541514,17.2028934
REMIND,SSP1-NPi2025,World,Emi|NOX,Mt NOX/yr,115.1001208,109.8067467,107.8914904,96.871799,91.7276195,84.483042,68.4952436,56.9341769,47.2442151,40.1941711,37.8540273,35.8361089,33.4275333,32.3761993,31.5861914,30.9275715,30.3484316,28.5874231,26.3130503
REMIND,SSP1-NPi2025,World,Emi|OC,Mt OC/yr,35.3533499,32.7267706,31.9983804,28.13945,27.4637954,26.361106,23.8978362,22.4916296,21.5492326,20.9119355,20.6727652,20.428556,20.0206527,19.7894718,19.7812078,19.9648855,19.807415,19.4199475,18.9713082
REMIND,SSP1-NPi2025,World,Emi|SF6,kt SF6/yr,6.644619,6.497156,7.605898,9.150764,10.477571,2.347754,2.177612,2.039262,1.902643,1.847799,1.758016,1.703314,1.552452,1.354702,1.11411,0.888283,0.888283,0.888283,0.888283
REMIND,SSP1-NPi2025,World,Emi|SO2,Mt SO2/yr,132.2670794,103.6787077,83.2776536,67.933489,62.0813468,55.24861,41.3753743,35.4820231,31.1071859,28.8437261,29.9423644,31.540525,36.3379624,37.0044289,33.7941985,30.1074402,26.6933498,23.4744954,18.961295
REMIND,SSP1-NPi2025,World,Emi|VOC,Mt VOC/yr,138.3619569,139.0014686,140.9607475,135.957961,140.5803594,137.7886087,124.7011042,114.3173942,104.8526815,97.2803719,94.2945239,91.6267976,90.3550186,90.1830801,89.1432441,87.8121477,86.0011709,77.869067,67.8039689
REMIND,SSP1-PkBudg1000,World,Emi|BC,Mt BC/yr,10.5164503,9.6947041,8.5819916,7.017732,6.7085082,6.164312,4.8633498,4.0495575,3.4625158,3.0656154,3.024491,3.0325339,3.0196719,3.0459427,3.0112163,2.9729054,2.9468088,2.8888636,2.8188998
REMIND,SSP1-PkBudg1000,World,Emi|C2F6,kt C2F6/yr,1.668243,1.118511,0.849412,0.78152,0.613023,1.460206,1.10792,0.846997,0.639119,0.479899,0.36954,0.293417,0.190968,0.130345,0.079086,0.066535,0.066535,0.066535,0.066535
REMIND,SSP1-PkBudg1000,World,Emi|C6F14,kt C6F14/yr,0.0,0.0,0.0,0.0,0.0,0.0,0.0,0.0,0.0,0.0,0.0,0.0,0.0,0.0,0.0,0.0,0.0,0.0,0.0
REMIND,SSP1-PkBudg1000,World,Emi|CF4,kt CF4/yr,5.703877,4.211536,4.792758,6.13855,7.102055,6.280902,5.066818,4.238643,3.349089,2.63672,2.23485,2.026285,1.691358,1.425489,1.175069,0.98855,0.98855,0.98855,0.98855
REMIND,SSP1-PkBudg1000,World,Emi|CH4,Mt CH4/yr,305.3665482,328.0501129,357.6860145,370.7116705,378.502128,317.0147551,260.8598455,226.4421501,200.1012656,174.0697181,157.1390397,141.3314615,110.9803795,101.8099389,95.1296208,85.0095714,81.5213975,77.7875759,75.2106016
REMIND,SSP1-PkBudg1000,World,Emi|CO,Mt CO/yr,847.6194726,825.5736457,813.907099,740.534982,720.7924267,688.4358335,595.1596201,530.5309294,485.839629,462.1134036,467.3794295,478.6581661,494.3060203,503.045329,496.8199812,491.1543534,487.3638646,481.4626131,474.6440787
REMIND,SSP1-PkBudg1000,World,Emi|CO2,Mt CO2/yr,35467.3010894,38537.7256575,41027.6904916,43541.368539,43338.1607712,38276.2741726,27910.4190216,20224.3319385,14132.9115552,9389.3660389,7277.1760796,5362.1651442,2502.2001846,373.3361677,-1074.6191965,-2032.9202712,-2618.2622854,-3115.7806538,-3911.9536145
REMIND,SSP1-PkBudg1000,World,Emi|CO2|+|Land-Use Change,Mt CO2/yr,4396.3854,4384.57536,3630.09625,4783.5244233,2836.4721,1492.6815933,19.5357067,-945.9483,-1587.4633133,-2464.7638033,-2485.1947633,-2592.2896633,-3253.43425,-3648.3546733,-4066.7549633,-4464.03584,-4651.1193667,-4409.0541,-4671.8163067
REMIND,SSP1-PkBudg1000,World,Emi|HFC|HFC125,kt HFC125/yr,18.863544,33.943374,57.788611,80.792671,104.21732,25.409699,8.087714,9.521115,10.96815,6.759843,6.866538,7.450155,8.472534,8.928476,9.157736,9.048389,9.048389,9.048389,9.048389
REMIND,SSP1-PkBudg1000,World,Emi|HFC|HFC134a,kt HFC134a/yr,136.433955,175.351311,216.966399,278.810849,330.540619,180.440931,57.796154,67.787527,77.849239,48.358111,49.036478,53.108753,60.214267,63.352468,64.896192,64.064424,64.064424,64.064424,64.064424
REMIND,SSP1-PkBudg1000,World,Emi|HFC|HFC143a,kt HFC143a/yr,11.983174,20.581124,26.732735,34.545424,41.527575,23.712179,7.54741,8.885051,10.235414,6.308246,6.407816,6.952441,7.906519,8.332002,8.545947,8.443905,8.443905,8.443905,8.443905
REMIND,SSP1-PkBudg1000,World,Emi|HFC|HFC227ea,kt HFC227ea/yr,2.244131,3.466259,5.030608,7.558349,9.604392,0.419841,0.229795,0.264316,0.294518,0.324714,0.342186,0.359659,0.364104,0.35855,0.346287,0.330886,0.330886,0.330886,0.330886
REMIND,SSP1-PkBudg1000,World,Emi|HFC|HFC23,kt HFC23/yr,13.403646,10.909845,8.907428,9.534994,8.847568,0.594811,0.475849,0.380677,0.304542,0.243636,0.188672,0.138463,0.07265,0.036276,0.0,0.0,0.0,0.0,0.0
REMIND,SSP1-PkBudg1000,World,Emi|HFC|HFC245fa,kt HFC245fa/yr,2.17106,7.939233,10.915038,14.010346,17.045904,1.275086,0.41088,0.345173,0.242694,0.122295,0.0,0.0,0.0,0.0,0.0,0.0,0.0,0.0,0.0
REMIND,SSP1-PkBudg1000,World,Emi|HFC|HFC32,kt HFC32/yr,3.687053,14.468933,31.324191,52.815716,71.989108,37.629007,11.258455,13.352872,16.116349,10.408965,10.555508,11.407357,12.848449,13.410317,13.596679,13.328543,13.328543,13.328543,13.328543
REMIND,SSP1-PkBudg1000,World,Emi|HFC|HFC43-10,kt HFC43-10/yr,0.01255,0.013038,0.01838,0.019321,0.022463,0.061844,0.029379,0.029988,0.030498,0.030999,0.03145,0.031897,0.032608,0.033045,0.033176,0.03302,0.03302,0.03302,0.03302
REMIND,SSP1-PkBudg1000,World,Emi|N2O,kt N2O/yr,8284.3158444,8963.0247123,9491.1246247,9564.6248708,10140.7913,9183.4942743,8230.547547,7412.8670298,6618.2766678,5786.982979,5254.6185846,4765.5359786,3826.3515588,3550.2410782,3286.3898034,2979.2550196,2893.6261991,2785.2400763,2630.3145027
REMIND,SSP1-PkBudg1000,World,Emi|NH3,Mt NH3/yr,10.2791386,11.1431215,11.5519468,11.90001,12.7192406,13.471355,13.352982,13.2305658,13.1910699,13.398702,13.9529986,14.6026396,15.8598229,17.0992224,18.0121118,18.9355327,18.4587419,17.5386511,16.0819636
REMIND,SSP1-PkBudg1000,World,Emi|NOX,Mt NOX/yr,115.1001208,109.8067467,107.8914904,96.871799,91.7276195,82.4600146,60.9484398,47.3050658,37.907157,31.6957283,30.3125605,29.7118982,28.741195,28.9669537,28.8340868,28.6308102,28.6228817,27.8391545,26.5860734
REMIND,SSP1-PkBudg1000,World,Emi|OC,Mt OC/yr,35.3533499,32.7267706,31.9983804,28.13945,27.4637954,26.3839911,23.5170507,21.8973039,20.8949976,20.2646708,20.576074,20.9978274,21.6125456,22.0841125,21.9697281,21.8513397,21.7549772,21.5527659,21.3065215
REMIND,SSP1-PkBudg1000,World,Emi|SF6,kt SF6/yr,6.644619,6.497156,7.605898,9.150764,10.477571,2.347754,2.177612,2.039262,1.902643,1.847799,1.758016,1.703314,1.552452,1.354702,1.11411,0.888283,0.888283,0.888283,0.888283
REMIND,SSP1-PkBudg1000,World,Emi|SO2,Mt SO2/yr,132.2670794,103.6787077,83.2776536,67.933489,62.0813468,52.9726125,33.8407535,26.2348762,21.2285505,18.8488548,19.613925,21.6182042,25.5136249,27.3423574,25.3875278,23.5435912,21.3240307,19.2837842,16.3767271
REMIND,SSP1-PkBudg1000,World,Emi|VOC,Mt VOC/yr,138.3619569,139.0014686,140.9607475,135.957961,140.5803594,136.3850926,118.6672734,104.650194,93.3537541,84.2690544,82.4994951,81.5581036,79.2833306,77.761724,76.4019124,75.2372224,74.2804208,69.3347302,62.8750874
REMIND,SSP1-PkBudg650,World,Emi|BC,Mt BC/yr,10.5164503,9.6947041,8.5819916,7.017732,6.7085082,5.9144039,4.3473029,3.4250002,2.9369728,2.7227422,2.7258418,2.7561314,2.7859035,2.8395982,2.8243511,2.8014146,2.8012874,2.7794574,2.7337456
REMIND,SSP1-PkBudg650,World,Emi|C2F6,kt C2F6/yr,1.668243,1.118511,0.849412,0.78152,0.613023,1.448352,1.073498,0.818665,0.62862,0.479899,0.36954,0.293417,0.190968,0.130345,0.079086,0.066535,0.066535,0.066535,0.066535
REMIND,SSP1-PkBudg650,World,Emi|C6F14,kt C6F14/yr,0.0,0.0,0.0,0.0,0.0,0.0,0.0,0.0,0.0,0.0,0.0,0.0,0.0,0.0,0.0,0.0,0.0,0.0,0.0
REMIND,SSP1-PkBudg650,World,Emi|CF4,kt CF4/yr,5.703877,4.211536,4.792758,6.13855,7.102055,6.185372,4.689514,3.817717,3.193105,2.63672,2.23485,2.026285,1.691358,1.425489,1.175069,0.98855,0.98855,0.98855,0.98855
REMIND,SSP1-PkBudg650,World,Emi|CH4,Mt CH4/yr,305.3665482,328.0501129,357.6860145,370.7116705,378.502128,307.8601018,237.0070221,195.9037156,174.0222267,155.0281283,140.8631285,126.7469342,100.7546901,95.1026669,89.4411235,80.5035535,77.0673061,74.3929917,71.2144805
REMIND,SSP1-PkBudg650,World,Emi|CO,Mt CO/yr,847.6194726,825.5736457,813.907099,740.534982,720.7924267,668.9786695,552.0918226,476.1227402,437.0968384,422.6750669,433.0687385,446.5832712,467.1126848,479.8206914,475.475361,470.712873,469.728168,463.8523807,455.6072455
REMIND,SSP1-PkBudg650,World,Emi|CO2,Mt CO2/yr,35467.3010894,38537.7256575,41027.6904916,43541.368539,43338.1607712,34941.9158948,18528.3352664,6819.904523,396.4392803,-2673.5752029,-3845.2690306,-4363.1259844,-5241.4674978,-6135.022218,-6552.3393433,-6914.6601708,-7305.7458371,-8076.0450247,-8047.8150063
REMIND,SSP1-PkBudg650,World,Emi|CO2|+|Land-Use Change,Mt CO2/yr,4396.3854,4384.57536,3630.09625,4783.5244233,2836.4721,1694.5454533,-571.14486,-2223.84459,-3045.18346,-3637.8582167,-3828.3338867,-3647.8534033,-4265.2541067,-4895.36168,-5135.4505767,-5263.33401,-5493.4132367,-5667.3146567,-5159.6795067
REMIND,SSP1-PkBudg650,World,Emi|HFC|HFC125,kt HFC125/yr,18.863544,33.943374,57.788611,80.792671,104.21732,25.678641,4.87205,4.213203,5.427696,6.25937,6.866538,7.450155,8.472534,8.928476,9.157736,9.048389,9.048389,9.048389,9.048389
REMIND,SSP1-PkBudg650,World,Emi|HFC|HFC134a,kt HFC134a/yr,136.433955,175.351311,216.966399,278.810849,330.540619,182.273428,35.323332,30.685507,39.129622,44.859519,49.036478,53.108753,60.214267,63.352468,64.896192,64.064424,64.064424,64.064424,64.064424
REMIND,SSP1-PkBudg650,World,Emi|HFC|HFC143a,kt HFC143a/yr,11.983174,20.581124,26.732735,34.545424,41.527575,23.963155,4.54657,3.931737,5.065093,5.841206,6.407816,6.952441,7.906519,8.332002,8.545947,8.443905,8.443905,8.443905,8.443905
REMIND,SSP1-PkBudg650,World,Emi|HFC|HFC227ea,kt HFC227ea/yr,2.244131,3.466259,5.030608,7.558349,9.604392,0.419841,0.229795,0.264316,0.294518,0.324714,0.342186,0.359659,0.364104,0.35855,0.346287,0.330886,0.330886,0.330886,0.330886
REMIND,SSP1-PkBudg650,World,Emi|HFC|HFC23,kt HFC23/yr,13.403646,10.909845,8.907428,9.534994,8.847568,0.594811,0.475849,0.380677,0.304542,0.243636,0.188672,0.138463,0.07265,0.036276,0.0,0.0,0.0,0.0,0.0
REMIND,SSP1-PkBudg650,World,Emi|HFC|HFC245fa,kt HFC245fa/yr,2.17106,7.939233,10.915038,14.010346,17.045904,1.13811,0.41088,0.345173,0.242694,0.122295,0.0,0.0,0.0,0.0,0.0,0.0,0.0,0.0,0.0
REMIND,SSP1-PkBudg650,World,Emi|HFC|HFC32,kt HFC32/yr,3.687053,14.468933,31.324191,52.815716,71.989108,38.148928,7.183849,6.404016,8.339211,9.644065,10.555508,11.407357,12.848449,13.410317,13.596679,13.328543,13.328543,13.328543,13.328543
REMIND,SSP1-PkBudg650,World,Emi|HFC|HFC43-10,kt HFC43-10/yr,0.01255,0.013038,0.01838,0.019321,0.022463,0.061844,0.029379,0.029988,0.030498,0.030999,0.03145,0.031897,0.032608,0.033045,0.033176,0.03302,0.03302,0.03302,0.03302
REMIND,SSP1-PkBudg650,World,Emi|N2O,kt N2O/yr,8284.3158444,8963.0247123,9491.1246247,9564.6248708,10140.7913,9124.8054374,8010.4398953,7176.9955419,6438.8720335,5733.5295885,5254.2097163,4771.9624094,3818.9997034,3525.2451665,3240.3705603,2938.989355,2856.697138,2751.3029605,2618.7001508
REMIND,SSP1-PkBudg650,World,Emi|NH3,Mt NH3/yr,10.2791386,11.1431215,11.5519468,11.90001,12.7192406,13.2641192,12.8134074,12.2951197,12.1880754,12.5006638,13.1423593,13.7826833,15.1319249,16.4095253,17.4082779,18.3534569,17.967036,17.0371809,15.5346832
REMIND,SSP1-PkBudg650,World,Emi|NOX,Mt NOX/yr,115.1001208,109.8067467,107.8914904,96.871799,91.7276195,77.2411671,50.3977277,35.5695596,28.5366019,25.5867656,25.6256165,26.0045497,26.2347335,26.8673166,26.7527954,26.5165316,26.6847391,26.1602628,25.1789309
REMIND,SSP1-PkBudg650,World,Emi|OC,Mt OC/yr,35.3533499,32.7267706,31.9983804,28.13945,27.4637954,26.0853433,22.8932744,21.0046823,20.1832615,19.8951496,20.2516779,20.6580285,21.178333,21.6296182,21.5810204,21.4919955,21.4727749,21.3863292,21.2043909
REMIND,SSP1-PkBudg650,World,Emi|SF6,kt SF6/yr,6.644619,6.497156,7.605898,9.150764,10.477571,2.2961,2.166958,2.039262,1.902643,1.847799,1.758016,1.703314,1.552452,1.354702,1.11411,0.888283,0.888283,0.888283,0.888283
REMIND,SSP1-PkBudg650,World,Emi|SO2,Mt SO2/yr,132.2670794,103.6787077,83.2776536,67.933489,62.0813468,48.2213231,25.0885372,17.3394326,15.4279113,15.4525798,17.3133134,20.0390808,24.8457932,26.9778379,24.9980751,22.9281686,20.6547917,18.7149709,15.7810597
REMIND,SSP1-PkBudg650,World,Emi|VOC,Mt VOC/yr,138.3619569,139.0014686,140.9607475,135.957961,140.5803594,132.4086222,105.8341622,87.3003239,77.5499322,72.6387587,73.1047627,74.348283,74.4046239,75.4246202,74.8995391,73.2987393,72.6494482,66.3931765,58.5814867
REMIND,SSP2-EU21-NDC,World,Emi|BC,Mt BC/yr,10.3723012,9.5839988,8.4927172,6.947453,6.6537695,6.0599046,5.1282257,4.6034973,4.2691922,4.1057788,3.9869471,3.9942764,3.9442479,3.7474029,3.5812219,3.4096024,3.3915675,3.2974091,3.0827314
REMIND,SSP2-EU21-NDC,World,Emi|C2F6,kt C2F6/yr,1.668244,1.11851,0.849412,0.781519,0.613022,1.462369,1.119078,0.839444,0.62862,0.4799,0.36954,0.293419,0.190967,0.130345,0.079086,0.066534,0.066534,0.066534,0.066534
REMIND,SSP2-EU21-NDC,World,Emi|C6F14,kt C6F14/yr,0.0,0.0,0.0,0.0,0.0,0.0,0.0,0.0,0.0,0.0,0.0,0.0,0.0,0.0,0.0,0.0,0.0,0.0,0.0
REMIND,SSP2-EU21-NDC,World,Emi|CF4,kt CF4/yr,5.703877,4.211538,4.792757,6.138551,7.102055,6.303493,5.110751,4.119234,3.193104,2.636718,2.234851,2.026285,1.691358,1.425489,1.175068,0.988551,0.988551,0.988551,0.988551
REMIND,SSP2-EU21-NDC,World,Emi|CH4,Mt CH4/yr,304.5218418,327.8475463,357.5331248,370.6596934,378.5787437,344.9069839,315.2353365,301.4688029,299.8150838,299.7177068,300.1410996,300.969938,296.9568014,293.4501256,284.2678835,282.0992767,277.3607261,265.3278817,253.9941105
REMIND,SSP2-EU21-NDC,World,Emi|CO,Mt CO/yr,833.9838255,814.1471206,804.6918918,733.19611,714.9088981,683.8723168,620.541851,582.7321109,558.4286051,548.1235396,544.060279,554.8422769,561.7773399,550.6671429,542.5939726,534.417322,531.4699131,514.1608969,482.492395
REMIND,SSP2-EU21-NDC,World,Emi|CO2,Mt CO2/yr,35520.3105339,38596.3001717,41075.0225417,43532.2871881,43223.3781433,36433.3578151,27507.2868971,20919.9016667,17118.4347504,14376.343401,12580.9124504,12986.1331285,13385.8609696,13776.9161488,14097.9215722,13667.1350874,13856.7808316,11424.6919745,8086.5687371
REMIND,SSP2-EU21-NDC,World,Emi|CO2|+|Land-Use Change,Mt CO2/yr,4396.3854,4384.57536,3630.09625,4783.52446,2836.4720633,2496.5305567,2054.03396,2548.9667867,2908.39219,2667.3361367,1986.1742267,2823.91692,3138.1901467,2385.5670667,1878.87975,1624.80824,2204.5028867,1503.1650333,1499.0779833
REMIND,SSP2-EU21-NDC,World,Emi|HFC|HFC125,kt HFC125/yr,18.863544,33.943372,57.788612,80.792671,104.21732,23.249324,8.394232,7.249757,4.593345,5.066544,5.509946,5.970215,6.963626,8.103964,9.153444,9.850546,9.850546,9.850546,9.850546
REMIND,SSP2-EU21-NDC,World,Emi|HFC|HFC134a,kt HFC134a/yr,136.433956,175.35131,216.9664,278.810848,330.540618,165.754973,60.146827,51.900875,33.275218,36.507986,39.552955,42.76651,49.680913,57.611836,64.905156,69.73675,69.73675,69.73675,69.73675
REMIND,SSP2-EU21-NDC,World,Emi|HFC|HFC143a,kt HFC143a/yr,11.983174,20.581125,26.732736,34.545424,41.527574,21.696127,7.833452,6.765434,4.286482,4.728068,5.141849,5.57137,6.498416,7.562575,8.541942,9.192472,9.192472,9.192472,9.192472
REMIND,SSP2-EU21-NDC,World,Emi|HFC|HFC227ea,kt HFC227ea/yr,2.244131,3.466259,5.030609,7.558348,9.604392,0.419842,0.229793,0.264316,0.294517,0.324713,0.342184,0.35966,0.364105,0.35855,0.346286,0.330887,0.330887,0.330887,0.330887
REMIND,SSP2-EU21-NDC,World,Emi|HFC|HFC23,kt HFC23/yr,13.403647,10.909845,8.907428,9.534994,8.847569,0.59481,0.47585,0.380676,0.304542,0.243634,0.188671,0.138462,0.072648,0.036276,0.0,0.0,0.0,0.0,0.0
REMIND,SSP2-EU21-NDC,World,Emi|HFC|HFC245fa,kt HFC245fa/yr,2.17106,7.939234,10.915039,14.010347,17.045905,2.451379,0.987462,0.335978,0.233284,0.09748,0.0,0.0,0.0,0.0,0.0,0.0,0.0,0.0,0.0
REMIND,SSP2-EU21-NDC,World,Emi|HFC|HFC32,kt HFC32/yr,3.687053,14.468934,31.324192,52.815716,71.989107,34.299397,11.425396,10.296251,7.0241,7.752026,8.420121,9.101187,10.537079,12.131424,13.591927,14.460721,14.460721,14.460721,14.460721
REMIND,SSP2-EU21-NDC,World,Emi|HFC|HFC43-10,kt HFC43-10/yr,0.01255,0.013038,0.018379,0.019322,0.022462,0.061843,0.029379,0.029989,0.030497,0.030998,0.031448,0.031896,0.032609,0.033045,0.033175,0.03302,0.03302,0.03302,0.03302
REMIND,SSP2-EU21-NDC,World,Emi|N2O,kt N2O/yr,8173.1716675,8957.5553504,9503.271418,9569.5718639,10126.740367,10413.6359413,10701.1949664,11250.1130713,11803.2437409,12292.7421662,12536.9493867,12700.0186198,12737.3000443,12216.4358352,11654.7781,11225.5068401,11089.9628644,10727.8308829,10512.4359514
REMIND,SSP2-EU21-NDC,World,Emi|NH3,Mt NH3/yr,10.2449863,11.1135261,11.5225936,11.87151,12.6895747,13.2598994,13.359793,13.512306,13.925136,14.6419255,15.5592421,16.9519438,18.8720137,20.2153297,21.0992272,21.9446993,21.8704774,21.1977424,19.4907701
REMIND,SSP2-EU21-NDC,World,Emi|NOX,Mt NOX/yr,114.7759791,109.3819144,107.4982072,96.456542,91.0389007,79.6419002,64.3239108,56.3239967,51.633445,48.785569,47.1534678,46.6285187,44.9721816,42.6487147,40.426051,38.1638168,38.2833452,37.0795223,33.7984417
REMIND,SSP2-EU21-NDC,World,Emi|OC,Mt OC/yr,34.2298592,31.884716,31.353225,27.633739,27.1235713,26.27208,24.2221132,23.015279,22.2075716,21.7115608,21.2470206,21.0581281,20.7001998,20.2266441,20.00447,20.0055308,19.9871183,19.7964971,19.3524004
REMIND,SSP2-EU21-NDC,World,Emi|SF6,kt SF6/yr,6.644618,6.497156,7.605897,9.150765,10.47757,2.496184,2.304421,2.036111,1.875867,1.722046,1.629722,1.618019,1.570982,1.428932,1.247815,1.030824,1.030824,1.030824,1.030824
REMIND,SSP2-EU21-NDC,World,Emi|SO2,Mt SO2/yr,133.5150383,104.1474116,83.4608391,67.866049,61.4049224,48.7531572,34.6752126,30.2530363,28.9187296,28.8392662,28.9836269,30.4846613,33.1345959,33.0764478,30.5665307,27.5464803,25.6251982,23.8749886,19.7130412
REMIND,SSP2-EU21-NDC,World,Emi|VOC,Mt VOC/yr,136.2306825,137.2177484,139.6395888,134.887321,139.8272282,136.1119323,125.199468,120.6108579,117.8022323,117.334666,116.300684,117.0069384,119.8989339,118.9161802,120.6783178,120.1884524,119.6240205,108.9721326,92.7575377
REMIND,SSP2-EU21-NPi2025,World,Emi|BC,Mt BC/yr,10.3723012,9.5839988,8.4927172,6.947453,6.6537695,6.3559315,5.7872659,5.4766372,5.3040807,5.2241277,5.0582241,5.0676131,4.9775498,4.6191333,4.2895942,3.9900249,3.9299838,3.7885714,3.5302853
REMIND,SSP2-EU21-NPi2025,World,Emi|C2F6,kt C2F6/yr,1.668244,1.11851,0.849412,0.781519,0.613022,1.462369,1.119078,0.839444,0.62862,0.4799,0.36954,0.293419,0.190967,0.130345,0.079086,0.066534,0.066534,0.066534,0.066534
REMIND,SSP2-EU21-NPi2025,World,Emi|C6F14,kt C6F14/yr,0.0,0.0,0.0,0.0,0.0,0.0,0.0,0.0,0.0,0.0,0.0,0.0,0.0,0.0,0.0,0.0,0.0,0.0,0.0
REMIND,SSP2-EU21-NPi2025,World,Emi|CF4,kt CF4/yr,5.703877,4.211538,4.792757,6.138551,7.102055,6.303493,5.110751,4.119234,3.193104,2.636718,2.234851,2.026285,1.691358,1.425489,1.175068,0.988551,0.988551,0.988551,0.988551
REMIND,SSP2-EU21-NPi2025,World,Emi|CH4,Mt CH4/yr,304.5218418,327.8475463,357.5331248,370.6596934,378.5787437,339.2604575,318.3290752,309.8445055,307.7659403,306.5618346,305.4117353,301.0245946,295.3259679,290.0369774,280.2671402,274.5856822,271.8825338,266.2177963,260.2316069
REMIND,SSP2-EU21-NPi2025,World,Emi|CO,Mt CO/yr,833.9838255,814.1471206,804.6918918,733.19611,714.9088981,704.9952767,666.031062,645.7418026,633.871138,631.8375743,626.7539014,634.3159956,634.6200796,611.4548612,590.7650905,574.4870633,567.8328273,550.6955344,517.2004419
REMIND,SSP2-EU21-NPi2025,World,Emi|CO2,Mt CO2/yr,35520.3105339,38596.3001717,41075.0225417,43532.2871881,43223.3781433,41121.5534945,37949.0943066,35627.1381415,33616.3593681,32190.2215875,30766.8514579,31378.9253802,32298.0814432,31502.7569821,30047.2392316,27945.8915866,27681.7715126,25569.5819068,22698.2481867
REMIND,SSP2-EU21-NPi2025,World,Emi|CO2|+|Land-Use Change,Mt CO2/yr,4396.3854,4384.57536,3630.09625,4783.52446,2836.4720633,2496.5305567,2054.03396,2548.9667867,2908.39219,2667.3361367,1986.1742267,2823.91692,3138.1901467,2385.5670667,1878.87975,1624.80824,2204.5028867,1503.1650333,1499.0779833
REMIND,SSP2-EU21-NPi2025,World,Emi|HFC|HFC125,kt HFC125/yr,18.863544,33.943372,57.788612,80.792671,104.21732,23.249324,8.394232,7.249757,4.593345,5.066544,5.509946,5.970215,6.963626,8.103964,9.153444,9.850546,9.850546,9.850546,9.850546
REMIND,SSP2-EU21-NPi2025,World,Emi|HFC|HFC134a,kt HFC134a/yr,136.433956,175.35131,216.9664,278.810848,330.540618,165.754973,60.146827,51.900875,33.275218,36.507986,39.552955,42.76651,49.680913,57.611836,64.905156,69.73675,69.73675,69.73675,69.73675
REMIND,SSP2-EU21-NPi2025,World,Emi|HFC|HFC143a,kt HFC143a/yr,11.983174,20.581125,26.732736,34.545424,41.527574,21.696127,7.833452,6.765434,4.286482,4.728068,5.141849,5.57137,6.498416,7.562575,8.541942,9.192472,9.192472,9.192472,9.192472
REMIND,SSP2-EU21-NPi2025,World,Emi|HFC|HFC227ea,kt HFC227ea/yr,2.244131,3.466259,5.030609,7.558348,9.604392,0.419842,0.229793,0.264316,0.294517,0.324713,0.342184,0.35966,0.364105,0.35855,0.346286,0.330887,0.330887,0.330887,0.330887
REMIND,SSP2-EU21-NPi2025,World,Emi|HFC|HFC23,kt HFC23/yr,13.403647,10.909845,8.907428,9.534994,8.847569,0.59481,0.47585,0.380676,0.304542,0.243634,0.188671,0.138462,0.072648,0.036276,0.0,0.0,0.0,0.0,0.0
REMIND,SSP2-EU21-NPi2025,World,Emi|HFC|HFC245fa,kt HFC245fa/yr,2.17106,7.939234,10.915039,14.010347,17.045905,2.451379,0.987462,0.335978,0.233284,0.09748,0.0,0.0,0.0,0.0,0.0,0.0,0.0,0.0,0.0
REMIND,SSP2-EU21-NPi2025,World,Emi|HFC|HFC32,kt HFC32/yr,3.687053,14.468934,31.324192,52.815716,71.989107,34.299397,11.425396,10.296251,7.0241,7.752026,8.420121,9.101187,10.537079,12.131424,13.591927,14.460721,14.460721,14.460721,14.460721
REMIND,SSP2-EU21-NPi2025,World,Emi|HFC|HFC43-10,kt HFC43-10/yr,0.01255,0.013038,0.018379,0.019322,0.022462,0.061843,0.029379,0.029989,0.030497,0.030998,0.031448,0.031896,0.032609,0.033045,0.033175,0.03302,0.03302,0.03302,0.03302
REMIND,SSP2-EU21-NPi2025,World,Emi|N2O,kt N2O/yr,8173.1716675,8957.5553504,9503.271418,9569.5718639,10126.740367,10439.6580711,10603.8008516,10828.7387105,11129.817697,11485.7091963,11684.3194625,11767.0597474,11875.1048542,11708.7071239,11323.3399195,10929.4897926,10956.2061122,10900.3959392,10817.684312
REMIND,SSP2-EU21-NPi2025,World,Emi|NH3,Mt NH3/yr,10.2449863,11.1135261,11.5225936,11.87151,12.6895747,13.6021539,14.2375578,14.8924892,15.7086392,16.7322418,17.7533869,19.1625221,21.067842,22.2061656,22.8663381,23.6506576,23.4024703,22.9356969,21.1677178
REMIND,SSP2-EU21-NPi2025,World,Emi|NOX,Mt NOX/yr,114.7759791,109.3819144,107.4982072,96.456542,91.0389007,85.982735,75.7860581,69.3318135,64.3741629,61.2563673,58.4128842,56.4487074,53.7009222,50.2640987,46.8104929,43.7871887,43.5351894,42.2730991,38.667878
REMIND,SSP2-EU21-NPi2025,World,Emi|OC,Mt OC/yr,34.2298592,31.884716,31.353225,27.633739,27.1235713,26.7134185,25.2308985,24.3212994,23.7541342,23.3820152,22.8631374,22.683297,22.368327,21.6832748,21.2957523,21.1745149,21.0690155,20.854301,20.3050488
REMIND,SSP2-EU21-NPi2025,World,Emi|SF6,kt SF6/yr,6.644618,6.497156,7.605897,9.150765,10.47757,2.496184,2.304421,2.036111,1.875867,1.722046,1.629722,1.618019,1.570982,1.428932,1.247815,1.030824,1.030824,1.030824,1.030824
REMIND,SSP2-EU21-NPi2025,World,Emi|SO2,Mt SO2/yr,133.5150383,104.1474116,83.4608391,67.866049,61.4049224,54.0525463,44.8044908,42.0687491,40.5330579,40.5389501,40.4268015,40.8990208,43.8258418,42.2820907,38.5913014,34.5923043,32.8340195,31.2036107,26.516579
REMIND,SSP2-EU21-NPi2025,World,Emi|VOC,Mt VOC/yr,136.2306825,137.2177484,139.6395888,134.887321,139.8272282,141.4203583,136.5335802,135.066885,133.2668341,131.6133661,127.577257,124.3474321,122.5451104,116.0418063,114.7820826,113.8401339,113.2671152,99.5509725,82.5422744
REMIND,SSP2-EU21-PkBudg1000,World,Emi|BC,Mt BC/yr,10.3723012,9.5839988,8.4927172,6.947453,6.6537695,6.227098,5.3355141,4.5790073,4.0304407,3.6522291,3.5576196,3.5443772,3.5144194,3.4594586,3.3818853,3.2857992,3.3278933,3.3056934,3.2288331
REMIND,SSP2-EU21-PkBudg1000,World,Emi|C2F6,kt C2F6/yr,1.668244,1.11851,0.849412,0.781519,0.613022,1.462369,1.119078,0.839444,0.62862,0.4799,0.36954,0.293419,0.190967,0.130345,0.079086,0.066534,0.066534,0.066534,0.066534
REMIND,SSP2-EU21-PkBudg1000,World,Emi|C6F14,kt C6F14/yr,0.0,0.0,0.0,0.0,0.0,0.0,0.0,0.0,0.0,0.0,0.0,0.0,0.0,0.0,0.0,0.0,0.0,0.0,0.0
REMIND,SSP2-EU21-PkBudg1000,World,Emi|CF4,kt CF4/yr,5.703877,4.211538,4.792757,6.138551,7.102055,6.303493,5.110751,4.119234,3.193104,2.636718,2.234851,2.026285,1.691358,1.425489,1.175068,0.988551,0.988551,0.988551,0.988551
REMIND,SSP2-EU21-PkBudg1000,World,Emi|CH4,Mt CH4/yr,304.5218418,327.8475463,357.5331248,370.6596934,378.5787437,327.8049611,285.656506,261.9978119,250.3554555,241.093809,240.9574163,239.856889,234.0267812,227.2054338,219.0621252,215.6945249,213.4093262,208.3276499,203.2430497
REMIND,SSP2-EU21-PkBudg1000,World,Emi|CO,Mt CO/yr,833.9838255,814.1471206,804.6918918,733.19611,714.9088981,692.5030021,629.2353278,572.8814091,534.0968952,511.9622245,511.3504628,519.8074976,537.6784166,545.7929672,539.7968023,527.2047362,528.8205282,520.1785644,514.7134344
REMIND,SSP2-EU21-PkBudg1000,World,Emi|CO2,Mt CO2/yr,35520.3105339,38596.3001717,41075.0225417,43532.2871881,43223.3781433,39597.2518797,29414.2089611,21399.3262909,14433.0259694,9196.0253125,6462.5379861,4066.5417305,1828.1777315,341.628554,-367.1809924,-770.1718288,-900.099617,-1139.0380002,-1406.6657809
REMIND,SSP2-EU21-PkBudg1000,World,Emi|CO2|+|Land-Use Change,Mt CO2/yr,4396.3854,4384.57536,3630.09625,4783.52446,2836.4720633,3302.0234867,436.4187667,-386.0480067,-1145.7809367,-1733.7871833,-1724.4603933,-1594.0343467,-1749.4542267,-1699.3792567,-1664.0006167,-1507.06028,-1356.93976,-1379.36876,-1024.0267033
REMIND,SSP2-EU21-PkBudg1000,World,Emi|HFC|HFC125,kt HFC125/yr,18.863544,33.943372,57.788612,80.792671,104.21732,23.249324,8.394232,7.249757,4.593345,5.066544,5.509946,5.970215,6.963626,8.103964,9.153444,9.850546,9.850546,9.850546,9.850546
REMIND,SSP2-EU21-PkBudg1000,World,Emi|HFC|HFC134a,kt HFC134a/yr,136.433956,175.35131,216.9664,278.810848,330.540618,165.754973,60.146827,51.900875,33.275218,36.507986,39.552955,42.76651,49.680913,57.611836,64.905156,69.73675,69.73675,69.73675,69.73675
REMIND,SSP2-EU21-PkBudg1000,World,Emi|HFC|HFC143a,kt HFC143a/yr,11.983174,20.581125,26.732736,34.545424,41.527574,21.696127,7.833452,6.765434,4.286482,4.728068,5.141849,5.57137,6.498416,7.562575,8.541942,9.192472,9.192472,9.192472,9.192472
REMIND,SSP2-EU21-PkBudg1000,World,Emi|HFC|HFC227ea,kt HFC227ea/yr,2.244131,3.466259,5.030609,7.558348,9.604392,0.419842,0.229793,0.264316,0.294517,0.324713,0.342184,0.35966,0.364105,0.35855,0.346286,0.330887,0.330887,0.330887,0.330887
REMIND,SSP2-EU21-PkBudg1000,World,Emi|HFC|HFC23,kt HFC23/yr,13.403647,10.909845,8.907428,9.534994,8.847569,0.59481,0.47585,0.380676,0.304542,0.243634,0.188671,0.138462,0.072648,0.036276,0.0,0.0,0.0,0.0,0.0
REMIND,SSP2-EU21-PkBudg1000,World,Emi|HFC|HFC245fa,kt HFC245fa/yr,2.17106,7.939234,10.915039,14.010347,17.045905,2.451379,0.987462,0.335978,0.233284,0.09748,0.0,0.0,0.0,0.0,0.0,0.0,0.0,0.0,0.0
REMIND,SSP2-EU21-PkBudg1000,World,Emi|HFC|HFC32,kt HFC32/yr,3.687053,14.468934,31.324192,52.815716,71.989107,34.299397,11.425396,10.296251,7.0241,7.752026,8.420121,9.101187,10.537079,12.131424,13.591927,14.460721,14.460721,14.460721,14.460721
REMIND,SSP2-EU21-PkBudg1000,World,Emi|HFC|HFC43-10,kt HFC43-10/yr,0.01255,0.013038,0.018379,0.019322,0.022462,0.061843,0.029379,0.029989,0.030497,0.030998,0.031448,0.031896,0.032609,0.033045,0.033175,0.03302,0.03302,0.03302,0.03302
REMIND,SSP2-EU21-PkBudg1000,World,Emi|N2O,kt N2O/yr,8173.1716675,8957.5553504,9503.271418,9569.5718639,10126.740367,10395.9799648,10319.2792068,10414.182577,10573.8110623,10781.6097403,11007.8016268,11195.1417138,11336.6630108,11197.5975947,10810.1839932,10439.8388633,10499.8640259,10365.2420346,10140.6362951
REMIND,SSP2-EU21-PkBudg1000,World,Emi|NH3,Mt NH3/yr,10.2449863,11.1135261,11.5225936,11.87151,12.6895747,13.4480475,13.6715715,13.4925894,13.3982201,13.5550251,13.9590602,14.5542437,15.9602892,17.3841007,18.6596742,19.8011241,19.8688349,19.4433171,18.7267736
REMIND,SSP2-EU21-PkBudg1000,World,Emi|NOX,Mt NOX/yr,114.7759791,109.3819144,107.4982072,96.456542,91.0389007,83.31686,67.7709179,56.9533705,48.9426063,43.8358133,41.8464196,41.1851504,39.9052052,38.4549034,36.9226761,35.1893006,36.418156,36.1117636,34.4795631
REMIND,SSP2-EU21-PkBudg1000,World,Emi|OC,Mt OC/yr,34.2298592,31.884716,31.353225,27.633739,27.1235713,26.5242181,24.5693625,22.9812937,22.0570095,21.4498966,21.5445416,21.8007727,22.1326477,22.360739,22.1759115,21.9737267,22.0164897,21.9783594,21.8202644
REMIND,SSP2-EU21-PkBudg1000,World,Emi|SF6,kt SF6/yr,6.644618,6.497156,7.605897,9.150765,10.47757,2.496184,2.304421,2.036111,1.875867,1.722046,1.629722,1.618019,1.570982,1.428932,1.247815,1.030824,1.030824,1.030824,1.030824
REMIND,SSP2-EU21-PkBudg1000,World,Emi|SO2,Mt SO2/yr,133.5150383,104.1474116,83.4608391,67.866049,61.4049224,50.9166355,36.2515071,29.3569057,24.871131,23.0295697,23.0088415,24.329267,26.6417876,26.5828029,25.1405594,23.3706013,22.6291679,22.1036707,19.3298783
REMIND,SSP2-EU21-PkBudg1000,World,Emi|VOC,Mt VOC/yr,136.2306825,137.2177484,139.6395888,134.887321,139.8272282,139.28546,129.6231868,121.250299,113.2074519,107.3038521,105.5364043,104.9310573,103.5759116,98.6948194,94.3611689,90.9246334,90.7581445,85.7772006,75.7980891
REMIND,SSP2-EU21-PkBudg650,World,Emi|BC,Mt BC/yr,10.3723012,9.5839988,8.4927172,6.947453,6.6537695,6.0148169,4.7083071,3.7988648,3.3695738,3.1652593,3.1345876,3.1479691,3.1517899,3.1484003,3.0963175,3.0377758,3.0732806,3.0767408,3.0311184
REMIND,SSP2-EU21-PkBudg650,World,Emi|C2F6,kt C2F6/yr,1.668244,1.11851,0.849412,0.781519,0.613022,1.462369,1.09296,0.818667,0.62862,0.4799,0.36954,0.293419,0.190967,0.130345,0.079086,0.066534,0.066534,0.066534,0.066534
REMIND,SSP2-EU21-PkBudg650,World,Emi|C6F14,kt C6F14/yr,0.0,0.0,0.0,0.0,0.0,0.0,0.0,0.0,0.0,0.0,0.0,0.0,0.0,0.0,0.0,0.0,0.0,0.0,0.0
REMIND,SSP2-EU21-PkBudg650,World,Emi|CF4,kt CF4/yr,5.703877,4.211538,4.792757,6.138551,7.102055,6.303493,4.839832,3.817716,3.193104,2.636718,2.234851,2.026285,1.691358,1.425489,1.175068,0.988551,0.988551,0.988551,0.988551
REMIND,SSP2-EU21-PkBudg650,World,Emi|CH4,Mt CH4/yr,304.5218418,327.8475463,357.5331248,370.6596934,378.5787437,318.0842353,259.0943041,231.1947692,224.1538524,222.6745442,224.7319819,225.2294297,223.1498878,220.6863341,213.5841949,210.9495201,208.6696813,203.7747832,198.9534753
REMIND,SSP2-EU21-PkBudg650,World,Emi|CO,Mt CO/yr,833.9838255,814.1471206,804.6918918,733.19611,714.9088981,673.6692872,574.9668406,503.3215992,469.2190189,456.7957319,463.3642385,475.2170525,494.4785024,507.1775417,503.6000891,498.3178568,500.90433,496.9199127,486.2756019
REMIND,SSP2-EU21-PkBudg650,World,Emi|CO2,Mt CO2/yr,35520.3105339,38596.3001717,41075.0225417,43532.2871881,43223.3781433,36095.5745287,19462.4660296,6223.9625465,-1964.0697926,-6294.0247538,-8009.3322097,-9217.7017751,-9735.6648919,-9511.9080256,-8939.2461991,-9175.3121627,-9856.5641342,-9524.2274841,-8990.8897134
REMIND,SSP2-EU21-PkBudg650,World,Emi|CO2|+|Land-Use Change,Mt CO2/yr,4396.3854,4384.57536,3630.09625,4783.52446,2836.4720633,3190.6052933,-235.22631,-1780.7581367,-2373.56306,-2656.1642067,-2532.8040833,-2118.17342,-2238.7596367,-2211.0374,-2296.0822133,-2337.9666933,-2137.6784367,-2053.0747967,-1624.43314
REMIND,SSP2-EU21-PkBudg650,World,Emi|HFC|HFC125,kt HFC125/yr,18.863544,33.943372,57.788612,80.792671,104.21732,23.249324,5.909097,4.117385,4.593345,5.066544,5.509946,5.970215,6.963626,8.103964,9.153444,9.850546,9.850546,9.850546,9.850546
REMIND,SSP2-EU21-PkBudg650,World,Emi|HFC|HFC134a,kt HFC134a/yr,136.433956,175.35131,216.9664,278.810848,330.540618,165.754973,42.702916,30.003913,33.275218,36.507986,39.552955,42.76651,49.680913,57.611836,64.905156,69.73675,69.73675,69.73675,69.73675
REMIND,SSP2-EU21-PkBudg650,World,Emi|HFC|HFC143a,kt HFC143a/yr,11.983174,20.581125,26.732736,34.545424,41.527574,21.696127,5.514338,3.842319,4.286482,4.728068,5.141849,5.57137,6.498416,7.562575,8.541942,9.192472,9.192472,9.192472,9.192472
REMIND,SSP2-EU21-PkBudg650,World,Emi|HFC|HFC227ea,kt HFC227ea/yr,2.244131,3.466259,5.030609,7.558348,9.604392,0.419842,0.229793,0.264316,0.294517,0.324713,0.342184,0.35966,0.364105,0.35855,0.346286,0.330887,0.330887,0.330887,0.330887
REMIND,SSP2-EU21-PkBudg650,World,Emi|HFC|HFC23,kt HFC23/yr,13.403647,10.909845,8.907428,9.534994,8.847569,0.59481,0.47585,0.380676,0.304542,0.243634,0.188671,0.138462,0.072648,0.036276,0.0,0.0,0.0,0.0,0.0
REMIND,SSP2-EU21-PkBudg650,World,Emi|HFC|HFC245fa,kt HFC245fa/yr,2.17106,7.939234,10.915039,14.010347,17.045905,2.451379,0.791256,0.335978,0.233284,0.09748,0.0,0.0,0.0,0.0,0.0,0.0,0.0,0.0,0.0
REMIND,SSP2-EU21-PkBudg650,World,Emi|HFC|HFC32,kt HFC32/yr,3.687053,14.468934,31.324192,52.815716,71.989107,34.299397,8.385605,6.282546,7.0241,7.752026,8.420121,9.101187,10.537079,12.131424,13.591927,14.460721,14.460721,14.460721,14.460721
REMIND,SSP2-EU21-PkBudg650,World,Emi|HFC|HFC43-10,kt HFC43-10/yr,0.01255,0.013038,0.018379,0.019322,0.022462,0.061843,0.029379,0.029989,0.030497,0.030998,0.031448,0.031896,0.032609,0.033045,0.033175,0.03302,0.03302,0.03302,0.03302
REMIND,SSP2-EU21-PkBudg650,World,Emi|N2O,kt N2O/yr,8173.1716675,8957.5553504,9503.271418,9569.5718639,10126.740367,10345.9112298,10179.4664284,10584.644058,11186.885861,11831.1970337,11824.9971174,11965.7191533,12017.5651204,11654.9245298,11088.7043217,10705.3786834,10853.8173437,10664.70156,10360.4074746
REMIND,SSP2-EU21-PkBudg650,World,Emi|NH3,Mt NH3/yr,10.2449863,11.1135261,11.5225936,11.87151,12.6895747,13.2441214,12.8310046,12.254999,12.0938827,12.3507651,12.8952424,13.5438065,14.8850436,16.2748695,17.5246597,18.8304536,18.9593046,18.7613466,17.8010729
REMIND,SSP2-EU21-PkBudg650,World,Emi|NOX,Mt NOX/yr,114.7759791,109.3819144,107.4982072,96.456542,91.0389007,78.3631691,56.1127457,41.9571982,35.3175809,33.0706,33.213123,34.0456107,34.3076906,34.0379081,33.0696408,31.9530537,32.9154151,32.7328908,31.5111314
REMIND,SSP2-EU21-PkBudg650,World,Emi|OC,Mt OC/yr,34.2298592,31.884716,31.353225,27.633739,27.1235713,26.2235812,23.6599972,21.8576777,21.2502809,20.9616186,21.1320071,21.4222657,21.8291315,22.1339448,21.9541931,21.7798377,21.8273429,21.8143796,21.6771313
REMIND,SSP2-EU21-PkBudg650,World,Emi|SF6,kt SF6/yr,6.644618,6.497156,7.605897,9.150765,10.47757,2.496184,2.231533,2.02079,1.875867,1.722046,1.629722,1.618019,1.570982,1.428932,1.247815,1.030824,1.030824,1.030824,1.030824
REMIND,SSP2-EU21-PkBudg650,World,Emi|SO2,Mt SO2/yr,133.5150383,104.1474116,83.4608391,67.866049,61.4049224,46.6967936,27.6075018,19.68833,18.0579679,18.916714,20.5459622,22.9701162,25.8841493,26.2327635,24.6884246,22.848665,22.0769282,21.3698397,18.6035484
REMIND,SSP2-EU21-PkBudg650,World,Emi|VOC,Mt VOC/yr,136.2306825,137.2177484,139.6395888,134.887321,139.8272282,134.895097,114.4427196,98.7408147,92.6602966,91.7148535,92.9041564,95.0616429,97.7887059,97.9579821,97.5886272,95.136442,95.0240569,88.2073611,76.5657045
REMIND,SSP2-NDC,World,Emi|BC,Mt BC/yr,10.5164503,9.6947041,8.5819916,7.017732,6.7085082,6.0747517,5.1274158,4.5994102,4.26757,4.0967031,3.9756116,3.9830103,3.9258636,3.7330415,3.5500782,3.3772241,3.3409507,3.2743143,3.0713838
REMIND,SSP2-NDC,World,Emi|C2F6,kt C2F6/yr,1.668243,1.118511,0.849412,0.78152,0.613023,1.46237,1.119078,0.839444,0.62862,0.479899,0.36954,0.293417,0.190968,0.130345,0.079086,0.066535,0.066535,0.066535,0.066535
REMIND,SSP2-NDC,World,Emi|C6F14,kt C6F14/yr,0.0,0.0,0.0,0.0,0.0,0.0,0.0,0.0,0.0,0.0,0.0,0.0,0.0,0.0,0.0,0.0,0.0,0.0,0.0
REMIND,SSP2-NDC,World,Emi|CF4,kt CF4/yr,5.703877,4.211536,4.792758,6.13855,7.102055,6.303492,5.110751,4.119233,3.193105,2.63672,2.23485,2.026285,1.691358,1.425489,1.175069,0.98855,0.98855,0.98855,0.98855
REMIND,SSP2-NDC,World,Emi|CH4,Mt CH4/yr,305.3665482,328.0501129,357.6860145,370.7116705,378.502128,343.4342342,316.1577981,303.4324584,301.5213186,301.554325,302.3254593,302.9982937,299.2892063,296.3177645,287.7286324,286.0549624,281.1900332,269.3035391,258.1232654
REMIND,SSP2-NDC,World,Emi|CO,Mt CO/yr,847.6194726,825.5736457,813.907099,740.534982,720.7924267,686.2100596,621.6188517,584.1265773,559.15794,546.9855781,542.0830915,551.5016781,558.171855,547.6184109,538.9544383,530.1832797,523.5306344,504.2865904,474.9261439
REMIND,SSP2-NDC,World,Emi|CO2,Mt CO2/yr,35467.3010894,38537.7256575,41027.6904916,43541.368539,43338.1607712,37149.56105,28715.3866416,22766.252328,18958.7568611,16005.4272481,13989.3411607,14163.9488588,14418.3476802,14476.8811524,15136.325424,14634.575284,13971.3101257,10597.4759727,6885.9415101
REMIND,SSP2-NDC,World,Emi|CO2|+|Land-Use Change,Mt CO2/yr,4396.3854,4384.57536,3630.09625,4783.5244233,2836.4721,2496.5305567,2054.0338867,2548.9667867,2908.3922267,2667.3361,1986.17419,2823.91692,3138.19011,2385.5669933,1878.8798233,1624.80824,2204.5028867,1503.1650333,1499.07791
REMIND,SSP2-NDC,World,Emi|HFC|HFC125,kt HFC125/yr,18.863544,33.943374,57.788611,80.792671,104.21732,23.249323,8.394232,7.249758,4.593344,5.066544,5.509947,5.970215,6.963626,8.103965,9.153444,9.850545,9.850545,9.850545,9.850545
REMIND,SSP2-NDC,World,Emi|HFC|HFC134a,kt HFC134a/yr,136.433955,175.351311,216.966399,278.810849,330.540619,165.754973,60.146828,51.900874,33.275217,36.507986,39.552956,42.766508,49.680914,57.611835,64.905157,69.736751,69.736751,69.736751,69.736751
REMIND,SSP2-NDC,World,Emi|HFC|HFC143a,kt HFC143a/yr,11.983174,20.581124,26.732735,34.545424,41.527575,21.696128,7.83345,6.765432,4.286481,4.728068,5.14185,5.571371,6.498416,7.562575,8.54194,9.192473,9.192473,9.192473,9.192473
REMIND,SSP2-NDC,World,Emi|HFC|HFC227ea,kt HFC227ea/yr,2.244131,3.466259,5.030608,7.558349,9.604392,0.419841,0.229795,0.264316,0.294518,0.324714,0.342186,0.359659,0.364104,0.35855,0.346287,0.330886,0.330886,0.330886,0.330886
REMIND,SSP2-NDC,World,Emi|HFC|HFC23,kt HFC23/yr,13.403646,10.909845,8.907428,9.534994,8.847568,0.594811,0.475849,0.380677,0.304542,0.243636,0.188672,0.138463,0.07265,0.036276,0.0,0.0,0.0,0.0,0.0
REMIND,SSP2-NDC,World,Emi|HFC|HFC245fa,kt HFC245fa/yr,2.17106,7.939233,10.915038,14.010346,17.045904,2.451379,0.987461,0.335978,0.233285,0.097479,0.0,0.0,0.0,0.0,0.0,0.0,0.0,0.0,0.0
REMIND,SSP2-NDC,World,Emi|HFC|HFC32,kt HFC32/yr,3.687053,14.468933,31.324191,52.815716,71.989108,34.299399,11.425395,10.296251,7.024098,7.752027,8.420122,9.101188,10.537081,12.131423,13.591926,14.460721,14.460721,14.460721,14.460721
REMIND,SSP2-NDC,World,Emi|HFC|HFC43-10,kt HFC43-10/yr,0.01255,0.013038,0.01838,0.019321,0.022463,0.061844,0.029379,0.029988,0.030498,0.030999,0.03145,0.031897,0.032608,0.033045,0.033176,0.03302,0.03302,0.03302,0.03302
REMIND,SSP2-NDC,World,Emi|N2O,kt N2O/yr,8284.3158444,8963.0247123,9491.1246247,9564.6248708,10140.7913,10436.5669285,10662.9127674,10979.0780835,11388.998042,11851.2694562,12117.2351681,12306.5744861,12371.73903,12029.2064964,11469.3215713,11110.2659011,11143.0881851,11125.295782,10953.070482
REMIND,SSP2-NDC,World,Emi|NH3,Mt NH3/yr,10.2791386,11.1431215,11.5519468,11.90001,12.7192406,13.2479439,13.348687,13.5502834,13.9523549,14.6099663,15.48908,16.8220896,18.7186356,20.0800271,20.9124834,21.7531994,21.5888449,21.1103286,19.4971062
REMIND,SSP2-NDC,World,Emi|NOX,Mt NOX/yr,115.1001208,109.8067467,107.8914904,96.871799,91.7276195,80.5546789,65.0035529,56.7215352,51.7982046,48.7473564,47.0796162,46.5969298,44.9715118,42.657927,40.2666189,37.9155179,37.895156,37.0910998,33.882275
REMIND,SSP2-NDC,World,Emi|OC,Mt OC/yr,35.3533499,32.7267706,31.9983804,28.13945,27.4637954,26.3226101,24.1790631,22.9791356,22.1942626,21.681531,21.2223358,21.0355098,20.6950503,20.2255519,19.9418093,19.9147651,19.8464945,19.7136723,19.3259522
REMIND,SSP2-NDC,World,Emi|SF6,kt SF6/yr,6.644619,6.497156,7.605898,9.150764,10.477571,2.496183,2.30442,2.036111,1.875867,1.722045,1.629721,1.618018,1.570981,1.428932,1.247816,1.030823,1.030823,1.030823,1.030823
REMIND,SSP2-NDC,World,Emi|SO2,Mt SO2/yr,132.2670794,103.6787077,83.2776536,67.933489,62.0813468,49.3521068,35.1466553,30.612511,29.1502125,28.7117401,28.7902102,30.2666963,33.025969,33.0266008,30.3083392,27.1783804,25.0219679,23.7539095,19.7183194
REMIND,SSP2-NDC,World,Emi|VOC,Mt VOC/yr,138.3619569,139.0014686,140.9607475,135.957961,140.5803594,136.6932817,125.4264814,120.3994059,117.3302193,116.4034486,115.2587931,116.1147319,119.6792013,118.9916668,120.1431486,118.1281077,114.7370584,96.6534221,82.6643801
REMIND,SSP2-NPi2025,World,Emi|BC,Mt BC/yr,10.5164503,9.6947041,8.5819916,7.017732,6.7085082,6.3606536,5.7745412,5.4744825,5.3082059,5.2304557,5.0536935,5.0644263,4.9876213,4.6247349,4.3009607,4.0030415,3.9380138,3.785676,3.5258397
REMIND,SSP2-NPi2025,World,Emi|C2F6,kt C2F6/yr,1.668243,1.118511,0.849412,0.78152,0.613023,1.46237,1.119078,0.839444,0.62862,0.479899,0.36954,0.293417,0.190968,0.130345,0.079086,0.066535,0.066535,0.066535,0.066535
REMIND,SSP2-NPi2025,World,Emi|C6F14,kt C6F14/yr,0.0,0.0,0.0,0.0,0.0,0.0,0.0,0.0,0.0,0.0,0.0,0.0,0.0,0.0,0.0,0.0,0.0,0.0,0.0
REMIND,SSP2-NPi2025,World,Emi|CF4,kt CF4/yr,5.703877,4.211536,4.792758,6.13855,7.102055,6.303492,5.110751,4.119233,3.193105,2.63672,2.23485,2.026285,1.691358,1.425489,1.175069,0.98855,0.98855,0.98855,0.98855
REMIND,SSP2-NPi2025,World,Emi|CH4,Mt CH4/yr,305.3665482,328.0501129,357.6860145,370.7116705,378.502128,339.8397857,319.4428988,310.9881577,308.5070935,306.6650406,305.3589813,301.1141761,295.78661,290.6865712,280.8494551,275.2091286,272.6173596,267.0938549,261.2328128
REMIND,SSP2-NPi2025,World,Emi|CO,Mt CO/yr,847.6194726,825.5736457,813.907099,740.534982,720.7924267,707.1308484,666.6725451,645.8146647,633.3932789,630.6547041,624.5951635,632.6149709,635.234785,612.6307649,592.9878801,576.459693,568.6363186,552.109162,518.7447142
REMIND,SSP2-NPi2025,World,Emi|CO2,Mt CO2/yr,35467.3010894,38537.7256575,41027.6904916,43541.368539,43338.1607712,41678.5347482,38991.1739758,36830.0069423,34476.713985,32564.3553092,30943.8407198,31338.1045305,32168.2347912,31255.8726142,29829.9422724,27819.8667694,27391.8834775,24921.1832455,22004.0574439
REMIND,SSP2-NPi2025,World,Emi|CO2|+|Land-Use Change,Mt CO2/yr,4396.3854,4384.57536,3630.09625,4783.5244233,2836.4721,2496.5305567,2054.0338867,2548.9667867,2908.3922267,2667.3361,1986.17419,2823.91692,3138.19011,2385.5669933,1878.8798233,1624.80824,2204.5028867,1503.1650333,1499.07791
REMIND,SSP2-NPi2025,World,Emi|HFC|HFC125,kt HFC125/yr,18.863544,33.943374,57.788611,80.792671,104.21732,23.249323,8.394232,7.249758,4.593344,5.066544,5.509947,5.970215,6.963626,8.103965,9.153444,9.850545,9.850545,9.850545,9.850545
REMIND,SSP2-NPi2025,World,Emi|HFC|HFC134a,kt HFC134a/yr,136.433955,175.351311,216.966399,278.810849,330.540619,165.754973,60.146828,51.900874,33.275217,36.507986,39.552956,42.766508,49.680914,57.611835,64.905157,69.736751,69.736751,69.736751,69.736751
REMIND,SSP2-NPi2025,World,Emi|HFC|HFC143a,kt HFC143a/yr,11.983174,20.581124,26.732735,34.545424,41.527575,21.696128,7.83345,6.765432,4.286481,4.728068,5.14185,5.571371,6.498416,7.562575,8.54194,9.192473,9.192473,9.192473,9.192473
REMIND,SSP2-NPi2025,World,Emi|HFC|HFC227ea,kt HFC227ea/yr,2.244131,3.466259,5.030608,7.558349,9.604392,0.419841,0.229795,0.264316,0.294518,0.324714,0.342186,0.359659,0.364104,0.35855,0.346287,0.330886,0.330886,0.330886,0.330886
REMIND,SSP2-NPi2025,World,Emi|HFC|HFC23,kt HFC23/yr,13.403646,10.909845,8.907428,9.534994,8.847568,0.594811,0.475849,0.380677,0.304542,0.243636,0.188672,0.138463,0.07265,0.036276,0.0,0.0,0.0,0.0,0.0
REMIND,SSP2-NPi2025,World,Emi|HFC|HFC245fa,kt HFC245fa/yr,2.17106,7.939233,10.915038,14.010346,17.045904,2.451379,0.987461,0.335978,0.233285,0.097479,0.0,0.0,0.0,0.0,0.0,0.0,0.0,0.0,0.0
REMIND,SSP2-NPi2025,World,Emi|HFC|HFC32,kt HFC32/yr,3.687053,14.468933,31.324191,52.815716,71.989108,34.299399,11.425395,10.296251,7.024098,7.752027,8.420122,9.101188,10.537081,12.131423,13.591926,14.460721,14.460721,14.460721,14.460721
REMIND,SSP2-NPi2025,World,Emi|HFC|HFC43-10,kt HFC43-10/yr,0.01255,0.013038,0.01838,0.019321,0.022463,0.061844,0.029379,0.029988,0.030498,0.030999,0.03145,0.031897,0.032608,0.033045,0.033176,0.03302,0.03302,0.03302,0.03302
REMIND,SSP2-NPi2025,World,Emi|N2O,kt N2O/yr,8284.3158444,8963.0247123,9491.1246247,9564.6248708,10140.7913,10500.783792,10664.2909828,10886.0701853,11171.0361474,11511.7432676,11698.6385051,11774.5919776,11869.7402778,11694.1609265,11314.0021861,10926.5098454,10961.761203,10898.7091517,10809.3036687
REMIND,SSP2-NPi2025,World,Emi|NH3,Mt NH3/yr,10.2791386,11.1431215,11.5519468,11.90001,12.7192406,13.5935112,14.2082601,14.8504207,15.6471477,16.6511801,17.6195002,19.0133771,20.9913602,22.1577737,22.86958,23.6518998,23.358427,22.9028011,21.1282758
REMIND,SSP2-NPi2025,World,Emi|NOX,Mt NOX/yr,115.1001208,109.8067467,107.8914904,96.871799,91.7276195,86.8630914,76.8324838,70.9667138,65.6885563,62.1032724,58.8535609,56.5103532,53.8331455,50.232221,46.8136683,43.8568742,43.5545027,42.2408896,38.6128624
REMIND,SSP2-NPi2025,World,Emi|OC,Mt OC/yr,35.3533499,32.7267706,31.9983804,28.13945,27.4637954,26.6867701,25.097295,24.2755874,23.7374209,23.3934188,22.8660746,22.6830648,22.385694,21.6884536,21.3144227,21.2024348,21.0821115,20.8301889,20.2782954
REMIND,SSP2-NPi2025,World,Emi|SF6,kt SF6/yr,6.644619,6.497156,7.605898,9.150764,10.477571,2.496183,2.30442,2.036111,1.875867,1.722045,1.629721,1.618018,1.570981,1.428932,1.247816,1.030823,1.030823,1.030823,1.030823
REMIND,SSP2-NPi2025,World,Emi|SO2,Mt SO2/yr,132.2670794,103.6787077,83.2776536,67.933489,62.0813468,55.2750678,46.1149884,43.9557516,42.1690086,41.7780827,41.0730044,41.0495223,44.0060341,42.3226444,38.6749141,34.6858858,32.8612964,31.1792464,26.4968146
REMIND,SSP2-NPi2025,World,Emi|VOC,Mt VOC/yr,138.3619569,139.0014686,140.9607475,135.957961,140.5803594,141.9440412,137.0648426,135.5358642,133.8188605,132.2541177,128.8453765,126.0060432,125.2224771,118.9482599,117.5324365,116.2019327,115.4712547,102.6592694,85.815286
REMIND,SSP2-PkBudg1000,World,Emi|BC,Mt BC/yr,10.5164503,9.6947041,8.5819916,7.017732,6.7085082,6.2575383,5.3584176,4.6077177,4.0436471,3.6527461,3.5567498,3.5385159,3.509108,3.4482587,3.3689828,3.2757072,3.3198887,3.3009968,3.2267683
REMIND,SSP2-PkBudg1000,World,Emi|C2F6,kt C2F6/yr,1.668243,1.118511,0.849412,0.78152,0.613023,1.46237,1.119078,0.839444,0.62862,0.479899,0.36954,0.293417,0.190968,0.130345,0.079086,0.066535,0.066535,0.066535,0.066535
REMIND,SSP2-PkBudg1000,World,Emi|C6F14,kt C6F14/yr,0.0,0.0,0.0,0.0,0.0,0.0,0.0,0.0,0.0,0.0,0.0,0.0,0.0,0.0,0.0,0.0,0.0,0.0,0.0
REMIND,SSP2-PkBudg1000,World,Emi|CF4,kt CF4/yr,5.703877,4.211536,4.792758,6.13855,7.102055,6.303492,5.110751,4.119233,3.193105,2.63672,2.23485,2.026285,1.691358,1.425489,1.175069,0.98855,0.98855,0.98855,0.98855
REMIND,SSP2-PkBudg1000,World,Emi|CH4,Mt CH4/yr,305.3665482,328.0501129,357.6860145,370.7116705,378.502128,328.4526714,287.0427521,262.6405331,250.9516182,241.3615281,241.2797857,240.1963565,234.1933131,227.149436,219.0479831,215.6824757,213.4213693,208.3909675,203.2932941
REMIND,SSP2-PkBudg1000,World,Emi|CO,Mt CO/yr,847.6194726,825.5736457,813.907099,740.534982,720.7924267,695.9496759,631.9450081,575.5397194,535.38157,511.5618597,511.1642655,519.344437,536.5766309,543.6782283,536.7590688,525.5740847,527.059532,519.4403368,514.2025351
REMIND,SSP2-PkBudg1000,World,Emi|CO2,Mt CO2/yr,35467.3010894,38537.7256575,41027.6904916,43541.368539,43338.1607712,40370.1037208,30197.5107724,21628.0546573,14452.7586784,9060.1892701,6357.3358047,3851.8724391,1432.1815659,-192.271575,-981.3066455,-1355.803573,-1429.6325576,-1636.3618884,-1764.4696714
REMIND,SSP2-PkBudg1000,World,Emi|CO2|+|Land-Use Change,Mt CO2/yr,4396.3854,4384.57536,3630.09625,4783.5244233,2836.4721,3302.0234867,436.4187667,-386.0479333,-1145.7809733,-1733.7871467,-1724.4603933,-1594.0343467,-1749.45419,-1699.37922,-1664.00069,-1507.0603167,-1356.9397967,-1379.3687233,-1024.0267033
REMIND,SSP2-PkBudg1000,World,Emi|HFC|HFC125,kt HFC125/yr,18.863544,33.943374,57.788611,80.792671,104.21732,23.249323,8.394232,7.249758,4.593344,5.066544,5.509947,5.970215,6.963626,8.103965,9.153444,9.850545,9.850545,9.850545,9.850545
REMIND,SSP2-PkBudg1000,World,Emi|HFC|HFC134a,kt HFC134a/yr,136.433955,175.351311,216.966399,278.810849,330.540619,165.754973,60.146828,51.900874,33.275217,36.507986,39.552956,42.766508,49.680914,57.611835,64.905157,69.736751,69.736751,69.736751,69.736751
REMIND,SSP2-PkBudg1000,World,Emi|HFC|HFC143a,kt HFC143a/yr,11.983174,20.581124,26.732735,34.545424,41.527575,21.696128,7.83345,6.765432,4.286481,4.728068,5.14185,5.571371,6.498416,7.562575,8.54194,9.192473,9.192473,9.192473,9.192473
REMIND,SSP2-PkBudg1000,World,Emi|HFC|HFC227ea,kt HFC227ea/yr,2.244131,3.466259,5.030608,7.558349,9.604392,0.419841,0.229795,0.264316,0.294518,0.324714,0.342186,0.359659,0.364104,0.35855,0.346287,0.330886,0.330886,0.330886,0.330886
REMIND,SSP2-PkBudg1000,World,Emi|HFC|HFC23,kt HFC23/yr,13.403646,10.909845,8.907428,9.534994,8.847568,0.594811,0.475849,0.380677,0.304542,0.243636,0.188672,0.138463,0.07265,0.036276,0.0,0.0,0.0,0.0,0.0
REMIND,SSP2-PkBudg1000,World,Emi|HFC|HFC245fa,kt HFC245fa/yr,2.17106,7.939233,10.915038,14.010346,17.045904,2.451379,0.987461,0.335978,0.233285,0.097479,0.0,0.0,0.0,0.0,0.0,0.0,0.0,0.0,0.0
REMIND,SSP2-PkBudg1000,World,Emi|HFC|HFC32,kt HFC32/yr,3.687053,14.468933,31.324191,52.815716,71.989108,34.299399,11.425395,10.296251,7.024098,7.752027,8.420122,9.101188,10.537081,12.131423,13.591926,14.460721,14.460721,14.460721,14.460721
REMIND,SSP2-PkBudg1000,World,Emi|HFC|HFC43-10,kt HFC43-10/yr,0.01255,0.013038,0.01838,0.019321,0.022463,0.061844,0.029379,0.029988,0.030498,0.030999,0.03145,0.031897,0.032608,0.033045,0.033176,0.03302,0.03302,0.03302,0.03302
REMIND,SSP2-PkBudg1000,World,Emi|N2O,kt N2O/yr,8284.3158444,8963.0247123,9491.1246247,9564.6248708,10140.7913,10423.5094142,10337.6238662,10413.8349926,10578.3449254,10785.5800552,11002.8144596,11197.4361406,11339.4244854,11203.8587116,10849.7784499,10490.8145934,10524.7111493,10386.1431861,10158.4474834
REMIND,SSP2-PkBudg1000,World,Emi|NH3,Mt NH3/yr,10.2791386,11.1431215,11.5519468,11.90001,12.7192406,13.4543499,13.6789294,13.5293292,13.4277215,13.5411486,13.9459493,14.5386152,15.9426694,17.3499582,18.547408,19.7138172,19.8065683,19.4317035,18.7099357
REMIND,SSP2-PkBudg1000,World,Emi|NOX,Mt NOX/yr,115.1001208,109.8067467,107.8914904,96.871799,91.7276195,84.5444271,68.8831202,57.4451053,49.0831633,43.8137124,41.8073504,41.0738121,39.7401906,38.2072726,36.7213704,35.089245,36.3122399,36.0367195,34.4111698
REMIND,SSP2-PkBudg1000,World,Emi|OC,Mt OC/yr,35.3533499,32.7267706,31.9983804,28.13945,27.4637954,26.609229,24.5701822,23.0272314,22.0782257,21.4521448,21.5487982,21.8044822,22.1408709,22.3537635,22.1631942,21.9630741,22.0079655,21.9733272,21.8190837
REMIND,SSP2-PkBudg1000,World,Emi|SF6,kt SF6/yr,6.644619,6.497156,7.605898,9.150764,10.477571,2.496183,2.30442,2.036111,1.875867,1.722045,1.629721,1.618018,1.570981,1.428932,1.247816,1.030823,1.030823,1.030823,1.030823
REMIND,SSP2-PkBudg1000,World,Emi|SO2,Mt SO2/yr,132.2670794,103.6787077,83.2776536,67.933489,62.0813468,52.4061384,37.5245668,30.0959717,25.1114089,23.0588728,23.0527962,24.3553952,26.6018054,26.5048951,25.0328109,23.2953005,22.569818,22.0812972,19.3140188
REMIND,SSP2-PkBudg1000,World,Emi|VOC,Mt VOC/yr,138.3619569,139.0014686,140.9607475,135.957961,140.5803594,139.9496845,130.4957273,121.735392,113.3803042,107.2176913,105.6245512,104.7937747,103.3029991,98.1607311,93.7777859,90.5037464,90.5204954,85.6673026,75.7507917
REMIND,SSP2-PkBudg650,World,Emi|BC,Mt BC/yr,10.5164503,9.6947041,8.5819916,7.017732,6.7085082,6.0378721,4.7124947,3.8039427,3.3683972,3.1624364,3.1316535,3.1450997,3.1481013,3.1449825,3.0954086,3.0377663,3.0743923,3.0809312,3.0334592
REMIND,SSP2-PkBudg650,World,Emi|C2F6,kt C2F6/yr,1.668243,1.118511,0.849412,0.78152,0.613023,1.46237,1.09296,0.818665,0.62862,0.479899,0.36954,0.293417,0.190968,0.130345,0.079086,0.066535,0.066535,0.066535,0.066535
REMIND,SSP2-PkBudg650,World,Emi|C6F14,kt C6F14/yr,0.0,0.0,0.0,0.0,0.0,0.0,0.0,0.0,0.0,0.0,0.0,0.0,0.0,0.0,0.0,0.0,0.0,0.0,0.0
REMIND,SSP2-PkBudg650,World,Emi|CF4,kt CF4/yr,5.703877,4.211536,4.792758,6.13855,7.102055,6.303492,4.839832,3.817717,3.193105,2.63672,2.23485,2.026285,1.691358,1.425489,1.175069,0.98855,0.98855,0.98855,0.98855
REMIND,SSP2-PkBudg650,World,Emi|CH4,Mt CH4/yr,305.3665482,328.0501129,357.6860145,370.7116705,378.502128,318.3421859,259.3140544,231.3946004,224.5138479,223.0702757,225.1869943,225.7422697,223.7922626,221.4111219,214.3703829,211.7916384,209.5177278,204.6427459,199.8072585
REMIND,SSP2-PkBudg650,World,Emi|CO,Mt CO/yr,847.6194726,825.5736457,813.907099,740.534982,720.7924267,676.2762798,575.430346,503.0792851,468.2310795,455.7563388,462.6519365,474.7419882,493.283587,505.2515304,503.3726747,498.3656608,500.0163841,495.7142971,485.4443017
REMIND,SSP2-PkBudg650,World,Emi|CO2,Mt CO2/yr,35467.3010894,38537.7256575,41027.6904916,43541.368539,43338.1607712,36333.9688307,19478.396297,6078.7048314,-2216.5662372,-6621.5406228,-8338.2962383,-9498.3053492,-9918.3045311,-9568.9866351,-9438.5617602,-9840.7734026,-10568.5525905,-11027.8468592,-9769.3661402
REMIND,SSP2-PkBudg650,World,Emi|CO2|+|Land-Use Change,Mt CO2/yr,4396.3854,4384.57536,3630.09625,4783.5244233,2836.4721,3190.60522,-235.2262733,-1780.7581,-2373.56306,-2656.1642433,-2532.8040467,-2118.17342,-2238.7596733,-2211.0374,-2296.0822133,-2337.96673,-2137.6784,-2053.07487,-1624.43314
REMIND,SSP2-PkBudg650,World,Emi|HFC|HFC125,kt HFC125/yr,18.863544,33.943374,57.788611,80.792671,104.21732,23.249323,5.909097,4.117386,4.593344,5.066544,5.509947,5.970215,6.963626,8.103965,9.153444,9.850545,9.850545,9.850545,9.850545
REMIND,SSP2-PkBudg650,World,Emi|HFC|HFC134a,kt HFC134a/yr,136.433955,175.351311,216.966399,278.810849,330.540619,165.754973,42.702917,30.003912,33.275217,36.507986,39.552956,42.766508,49.680914,57.611835,64.905157,69.736751,69.736751,69.736751,69.736751
REMIND,SSP2-PkBudg650,World,Emi|HFC|HFC143a,kt HFC143a/yr,11.983174,20.581124,26.732735,34.545424,41.527575,21.696128,5.514336,3.842321,4.286481,4.728068,5.14185,5.571371,6.498416,7.562575,8.54194,9.192473,9.192473,9.192473,9.192473
REMIND,SSP2-PkBudg650,World,Emi|HFC|HFC227ea,kt HFC227ea/yr,2.244131,3.466259,5.030608,7.558349,9.604392,0.419841,0.229795,0.264316,0.294518,0.324714,0.342186,0.359659,0.364104,0.35855,0.346287,0.330886,0.330886,0.330886,0.330886
REMIND,SSP2-PkBudg650,World,Emi|HFC|HFC23,kt HFC23/yr,13.403646,10.909845,8.907428,9.534994,8.847568,0.594811,0.475849,0.380677,0.304542,0.243636,0.188672,0.138463,0.07265,0.036276,0.0,0.0,0.0,0.0,0.0
REMIND,SSP2-PkBudg650,World,Emi|HFC|HFC245fa,kt HFC245fa/yr,2.17106,7.939233,10.915038,14.010346,17.045904,2.451379,0.791255,0.335978,0.233285,0.097479,0.0,0.0,0.0,0.0,0.0,0.0,0.0,0.0,0.0
REMIND,SSP2-PkBudg650,World,Emi|HFC|HFC32,kt HFC32/yr,3.687053,14.468933,31.324191,52.815716,71.989108,34.299399,8.385604,6.282547,7.024098,7.752027,8.420122,9.101188,10.537081,12.131423,13.591926,14.460721,14.460721,14.460721,14.460721
REMIND,SSP2-PkBudg650,World,Emi|HFC|HFC43-10,kt HFC43-10/yr,0.01255,0.013038,0.01838,0.019321,0.022463,0.061844,0.029379,0.029988,0.030498,0.030999,0.03145,0.031897,0.032608,0.033045,0.033176,0.03302,0.03302,0.03302,0.03302
REMIND,SSP2-PkBudg650,World,Emi|N2O,kt N2O/yr,8284.3158444,8963.0247123,9491.1246247,9564.6248708,10140.7913,10357.2671047,10180.4381914,10591.2877276,11205.7291497,11857.6307831,11849.6793405,11982.3159187,12007.401855,11614.4280224,11140.4841115,10770.1059302,10848.0982361,10614.6051366,10322.2540069
REMIND,SSP2-PkBudg650,World,Emi|NH3,Mt NH3/yr,10.2791386,11.1431215,11.5519468,11.90001,12.7192406,13.239704,12.7999618,12.2250053,12.0524986,12.3236783,12.8727283,13.5337502,14.8694781,16.2528206,17.5133464,18.8263809,18.9616657,18.7519094,17.792966
REMIND,SSP2-PkBudg650,World,Emi|NOX,Mt NOX/yr,115.1001208,109.8067467,107.8914904,96.871799,91.7276195,79.145499,56.374121,41.9364,35.2523971,32.9962432,33.1352578,33.9623302,34.1869144,33.8862156,33.0654729,31.9877113,32.8841434,32.6805438,31.4714565
REMIND,SSP2-PkBudg650,World,Emi|OC,Mt OC/yr,35.3533499,32.7267706,31.9983804,28.13945,27.4637954,26.3177451,23.6718105,21.887681,21.2594116,20.9574403,21.1293974,21.4217286,21.8280557,22.136236,21.9517189,21.7750943,21.8259734,21.8083737,21.6760276
REMIND,SSP2-PkBudg650,World,Emi|SF6,kt SF6/yr,6.644619,6.497156,7.605898,9.150764,10.477571,2.496183,2.231532,2.02079,1.875867,1.722045,1.629721,1.618018,1.570981,1.428932,1.247816,1.030823,1.030823,1.030823,1.030823
REMIND,SSP2-PkBudg650,World,Emi|SO2,Mt SO2/yr,132.2670794,103.6787077,83.2776536,67.933489,62.0813468,47.7460693,27.9706626,19.731289,18.0493578,18.8803407,20.5408499,23.0018533,25.8713469,26.2176958,24.6304177,22.8041719,22.0681229,21.3488701,18.6065632
REMIND,SSP2-PkBudg650,World,Emi|VOC,Mt VOC/yr,138.3619569,139.0014686,140.9607475,135.957961,140.5803594,135.4215909,114.5303897,98.494735,92.4337493,91.6793285,92.6893254,94.8016241,97.3274203,97.4308594,96.5614768,93.9732431,93.7882931,87.1922775,75.8490436
REMIND,SSP3-rollBack,World,Emi|BC,Mt BC/yr,10.5164503,9.6947041,8.5819916,7.017732,6.7085082,6.5446012,6.4998177,6.6513309,6.7939828,6.9185203,6.9514056,6.8132308,6.137966,5.5944372,5.0464098,4.585462,4.446488,4.2894328,3.9050601
REMIND,SSP3-rollBack,World,Emi|C2F6,kt C2F6/yr,1.668243,1.118511,0.849412,0.78152,0.613023,1.46237,1.119078,0.839444,0.62862,0.479899,0.36954,0.293417,0.190968,0.130345,0.079086,0.066535,0.066535,0.066535,0.066535
REMIND,SSP3-rollBack,World,Emi|C6F14,kt C6F14/yr,0.0,0.0,0.0,0.0,0.0,0.0,0.0,0.0,0.0,0.0,0.0,0.0,0.0,0.0,0.0,0.0,0.0,0.0,0.0
REMIND,SSP3-rollBack,World,Emi|CF4,kt CF4/yr,5.703877,4.211536,4.792758,6.13855,7.102055,6.303492,5.110751,4.119233,3.193105,2.63672,2.23485,2.026285,1.691358,1.425489,1.175069,0.98855,0.98855,0.98855,0.98855
REMIND,SSP3-rollBack,World,Emi|CH4,Mt CH4/yr,305.3665482,328.0501129,357.6860145,370.7116705,378.502128,360.0896151,364.1467852,371.2483354,377.4286815,381.1375785,385.4767566,386.8183954,390.6191486,392.7282452,392.7519314,393.8344556,388.400476,378.997358,365.239718
REMIND,SSP3-rollBack,World,Emi|CO,Mt CO/yr,847.6194726,825.5736457,813.907099,740.534982,720.7924267,722.9952651,725.0725283,743.5695026,758.4161199,771.0297837,769.5996545,759.4918119,708.9228048,650.5739069,612.6975993,592.1452741,571.8957437,546.6038639,504.1330517
REMIND,SSP3-rollBack,World,Emi|CO2,Mt CO2/yr,35467.3010894,38537.7256575,41027.6904916,43541.368539,43338.1607712,44083.6335195,48254.9634488,52024.1092565,54816.7559207,57233.0268791,59547.2040913,66863.0202115,69473.1412513,71314.1145788,70261.3722588,68600.3102974,63712.1179506,55138.6492195,44728.4486423
REMIND,SSP3-rollBack,World,Emi|CO2|+|Land-Use Change,Mt CO2/yr,4396.3854,4384.57536,3630.09625,4783.5244233,2836.4721,2268.46807,2405.6328633,2690.56458,2784.1402233,2463.8230833,2421.5622567,6053.4541833,4286.7191767,4152.8531733,3619.8826767,5175.1398233,4489.3506167,3841.1164367,4227.82459
REMIND,SSP3-rollBack,World,Emi|HFC|HFC125,kt HFC125/yr,18.863544,33.943374,57.788611,80.792671,104.21732,23.249323,8.394232,7.249758,4.593344,5.066544,5.509947,5.970215,6.963626,8.103965,9.153444,9.850545,9.850545,9.850545,9.850545
REMIND,SSP3-rollBack,World,Emi|HFC|HFC134a,kt HFC134a/yr,136.433955,175.351311,216.966399,278.810849,330.540619,165.754973,60.146828,51.900874,33.275217,36.507986,39.552956,42.766508,49.680914,57.611835,64.905157,69.736751,69.736751,69.736751,69.736751
REMIND,SSP3-rollBack,World,Emi|HFC|HFC143a,kt HFC143a/yr,11.983174,20.581124,26.732735,34.545424,41.527575,21.696128,7.83345,6.765432,4.286481,4.728068,5.14185,5.571371,6.498416,7.562575,8.54194,9.192473,9.192473,9.192473,9.192473
REMIND,SSP3-rollBack,World,Emi|HFC|HFC227ea,kt HFC227ea/yr,2.244131,3.466259,5.030608,7.558349,9.604392,0.419841,0.229795,0.264316,0.294518,0.324714,0.342186,0.359659,0.364104,0.35855,0.346287,0.330886,0.330886,0.330886,0.330886
REMIND,SSP3-rollBack,World,Emi|HFC|HFC23,kt HFC23/yr,13.403646,10.909845,8.907428,9.534994,8.847568,0.594811,0.475849,0.380677,0.304542,0.243636,0.188672,0.138463,0.07265,0.036276,0.0,0.0,0.0,0.0,0.0
REMIND,SSP3-rollBack,World,Emi|HFC|HFC245fa,kt HFC245fa/yr,2.17106,7.939233,10.915038,14.010346,17.045904,2.451379,0.987461,0.335978,0.233285,0.097479,0.0,0.0,0.0,0.0,0.0,0.0,0.0,0.0,0.0
REMIND,SSP3-rollBack,World,Emi|HFC|HFC32,kt HFC32/yr,3.687053,14.468933,31.324191,52.815716,71.989108,34.299399,11.425395,10.296251,7.024098,7.752027,8.420122,9.101188,10.537081,12.131423,13.591926,14.460721,14.460721,14.460721,14.460721
REMIND,SSP3-rollBack,World,Emi|HFC|HFC43-10,kt HFC43-10/yr,0.01255,0.013038,0.01838,0.019321,0.022463,0.061844,0.029379,0.029988,0.030498,0.030999,0.03145,0.031897,0.032608,0.033045,0.033176,0.03302,0.03302,0.03302,0.03302
REMIND,SSP3-rollBack,World,Emi|N2O,kt N2O/yr,8284.3158444,8963.0247123,9491.1246247,9564.6248708,10140.7913,11008.4196966,11682.8996685,12542.9646357,13441.2867746,14349.4999708,14724.4421113,15122.7716211,15755.6311076,16239.4252547,16629.043824,17061.7509751,17582.8390325,18168.7009318,18653.3932707
REMIND,SSP3-rollBack,World,Emi|NH3,Mt NH3/yr,10.2791386,11.1431215,11.5519468,11.90001,12.7192406,13.8409712,15.1584974,16.5625809,18.0514295,19.3683517,20.2499064,21.0289584,21.2404711,21.0215024,20.7982689,20.6278353,19.9924919,19.6477059,17.8943759
REMIND,SSP3-rollBack,World,Emi|NOX,Mt NOX/yr,115.1001208,109.8067467,107.8914904,96.871799,91.7276195,91.4386876,89.7604778,92.2324705,94.8899169,96.8039202,97.1408305,98.0499915,94.7478056,89.0237537,81.6457109,72.4896958,67.3871662,58.4393214,50.4219489
REMIND,SSP3-rollBack,World,Emi|OC,Mt OC/yr,35.3533499,32.7267706,31.9983804,28.13945,27.4637954,26.9994088,26.2374085,25.9710829,25.7571727,25.6277536,25.3739468,24.8813529,23.6720493,22.8558736,22.1416995,21.7804741,21.4376973,21.1882649,20.5689816
REMIND,SSP3-rollBack,World,Emi|SF6,kt SF6/yr,6.644619,6.497156,7.605898,9.150764,10.477571,2.496183,2.30442,2.036111,1.875867,1.722045,1.629721,1.618018,1.570981,1.428932,1.247816,1.030823,1.030823,1.030823,1.030823
REMIND,SSP3-rollBack,World,Emi|SO2,Mt SO2/yr,132.2670794,103.6787077,83.2776536,67.933489,62.0813468,59.4718484,58.0386326,62.0887824,64.7428051,66.4999975,66.3529158,67.0171525,65.4372515,61.5646292,53.1337928,42.3604574,38.3288194,30.4387635,23.2965846
REMIND,SSP3-rollBack,World,Emi|VOC,Mt VOC/yr,138.3619569,139.0014686,140.9607475,135.957961,140.5803594,146.0086511,150.7762028,158.2013968,161.8970436,160.569495,154.4924003,141.8989336,128.5764658,116.192099,109.1020322,100.8117674,98.3360423,90.890911,76.3761272
